<?xml version="1.0" encoding="UTF-8"?>
<!DOCTYPE suite SYSTEM "http://testng.org/testng-1.0.dtd">
<suite name="Suite">
 <listeners>
  <listener class-name="utilities.Listeners" />
 </listeners>


  <test thread-count="5" name="Test">
    <classes>
      <class name="MavenSample.Ma.AppiumTest"/>
      <!-- <class name="Ma.DProviderLoginTest"/>
      <class name="Ma.FormTest"/>
      <class name="Ma.phpTravelsTest"/>
      <class name="Ma.RestAPITest"/>
      <class name="Ma.LoginTest"/>
      <class name="Ma.DProviderLoginTest"/>
      <class name="Ma.MovelistTest"/>
      <class name="Ma.SearchTest"/>
      <class name="Ma.SortingTest"/> -->
      
      
    </classes> 
   </test> 
   
   
 <!-- Test -->
  

   
 </suite> <!-- Suite -->
